release,release_label,exact_release_date,doi,schema_generation
1,CHEMBL01,2009-09-03,10.6019/CHEMBL.database.01,pre9_early
2,CHEMBL02,2009-11-30,10.6019/CHEMBL.database.02,pre9_early
3,CHEMBL03,2010-04-16,10.6019/CHEMBL.database.03,pre9_early
4,CHEMBL04,2010-05-18,10.6019/CHEMBL.database.04,pre9_early
5,CHEMBL05,2010-06-24,10.6019/CHEMBL.database.05,pre9_early
6,CHEMBL06,2010-08-27,10.6019/CHEMBL.database.06,pre9_early
7,CHEMBL07,2010-09-29,10.6019/CHEMBL.database.07,pre9_early
8,CHEMBL08,2010-10-26,10.6019/CHEMBL.database.08,pre9_early
9,CHEMBL09,2011-01-20,10.6019/CHEMBL.database.09,pre15_legacy
10,CHEMBL10,2011-05-26,10.6019/CHEMBL.database.10,pre15_legacy
11,CHEMBL11,2011-08-01,10.6019/CHEMBL.database.11,pre15_legacy
12,CHEMBL12,2011-11-18,10.6019/CHEMBL.database.12,pre15_legacy
13,CHEMBL13,2012-02-21,10.6019/CHEMBL.database.13,pre15_legacy
14,CHEMBL14,2012-06-27,10.6019/CHEMBL.database.14,pre15_legacy
15,CHEMBL15,2013-01-23,10.6019/CHEMBL.database.15,post15
16,CHEMBL16,2013-05-07,10.6019/CHEMBL.database.16,post15
17,CHEMBL17,2013-08-29,10.6019/CHEMBL.database.17,post15
18,CHEMBL18,2014-03-12,10.6019/CHEMBL.database.18,post15
19,CHEMBL19,2014-07-03,10.6019/CHEMBL.database.19,post15
20,CHEMBL20,2015-01-14,10.6019/CHEMBL.database.20,post15
21,CHEMBL21,2016-02-01,10.6019/CHEMBL.database.21,post15
22,CHEMBL22,2016-11-08,10.6019/CHEMBL.database.22,post15
22.1,CHEMBL22.1,2016-11-17,10.6019/CHEMBL.database.22.1,post15
23,CHEMBL23,2017-05-01,10.6019/CHEMBL.database.23,post15
24,CHEMBL24,2018-04-23,10.6019/CHEMBL.database.24,post15
24.1,CHEMBL24.1,2018-05-31,10.6019/CHEMBL.database.24.1,post15
25,CHEMBL25,2018-12-10,10.6019/CHEMBL.database.25,post15
26,CHEMBL26,2020-01-10,10.6019/CHEMBL.database.26,post15
27,CHEMBL27,2020-05-18,10.6019/CHEMBL.database.27,post15
28,CHEMBL28,2021-01-15,10.6019/CHEMBL.database.28,post15
29,CHEMBL29,2021-07-01,10.6019/CHEMBL.database.29,post15
30,CHEMBL30,2022-02-22,10.6019/CHEMBL.database.30,post15
31,CHEMBL31,2022-07-12,10.6019/CHEMBL.database.31,post15
